project,budget,randomStarts,profilePercent,runs,candidateMethodsCoveragePercentMean,candidateMethodsCoveragePercentMin,candidateMethodsCoveragePercentMax,internalCoveragePercentMean,internalCoveragePercentMin,internalCoveragePercentMax,jacocoBranchPercentMean,jacocoBranchPercentMin,jacocoBranchPercentMax,newGoalsMean,newGoalsMin,newGoalsMax,lostGoalsMean,lostGoalsMin,lostGoalsMax,generationSecondsMean,generationSecondsMin,generationSecondsMax,executedCandidatesMean,executedCandidatesMin,executedCandidatesMax,selectedCandidatesMean,selectedCandidatesMin,selectedCandidatesMax,failedTestsMean,failedTestsMin,failedTestsMax
commons-codec,120,30,0,5,57.312253,57.312253,57.312253,40.201884,40.174966,40.242261,36.41414,36.1761,36.6125,0.0,0.0,0.0,0.0,0.0,0.0,10.683,10.442,10.945,5089.6,5083.0,5093.0,144.0,140.0,147.0,7.0,6.0,8.0
commons-codec,120,30,25,5,74.703557,73.913043,75.494071,45.854643,45.625841,46.02961,41.29314,40.1825,41.7691,86.8,83.0,90.0,2.8,2.0,5.0,11.5164,11.146,11.948,5364.0,5354.0,5386.0,174.6,166.0,179.0,5.4,5.0,6.0
commons-codec,120,30,50,5,81.501976,79.051383,83.794466,50.874832,50.13459,51.41319,46.10076,44.8631,46.8465,159.8,147.0,168.0,1.2,0.0,3.0,11.8644,11.194,13.247,5551.8,5531.0,5567.0,205.6,199.0,209.0,5.6,5.0,6.0
commons-codec,120,30,75,5,85.296443,83.794466,87.747036,52.261104,51.749664,52.69179,47.78262,47.0448,48.5125,181.0,172.0,187.0,1.8,0.0,4.0,11.4858,11.192,11.95,5654.0,5641.0,5663.0,212.2,210.0,215.0,5.6,5.0,6.0
commons-codec,120,30,100,5,85.849802,84.980237,86.561265,53.055182,52.69179,53.633917,48.65532,48.3142,49.2265,193.2,189.0,201.0,2.2,0.0,5.0,11.7558,11.345,12.596,5686.0,5663.0,5705.0,217.4,208.0,227.0,5.4,5.0,6.0
commons-codec,500,125,0,5,57.312253,57.312253,57.312253,40.282638,40.242261,40.309556,36.55692,36.4538,36.6521,0.0,0.0,0.0,0.0,0.0,0.0,12.5596,12.398,12.802,6500.4,6461.0,6550.0,148.0,148.0,148.0,7.0,6.0,8.0
commons-codec,500,125,25,5,81.343874,79.841897,83.003953,47.469717,47.039031,48.115747,42.31654,41.4915,42.7211,106.8,100.0,116.0,0.0,0.0,0.0,15.3682,15.157,15.611,7568.2,7452.0,7636.0,183.2,180.0,187.0,5.4,5.0,6.0
commons-codec,500,125,50,5,86.956522,84.980237,87.747036,53.418574,53.095559,53.768506,48.86948,47.8778,49.5042,195.4,191.0,201.0,0.2,0.0,1.0,16.6998,16.212,16.911,8465.0,8353.0,8585.0,223.2,217.0,229.0,5.6,5.0,6.0
commons-codec,500,125,75,5,90.671937,89.328063,91.699605,54.831763,54.172275,55.652759,49.86908,49.1075,50.4165,216.8,207.0,229.0,0.6,0.0,1.0,16.8522,15.858,17.661,8871.0,8750.0,8994.0,232.8,230.0,235.0,5.4,5.0,6.0
commons-codec,500,125,100,5,90.592885,89.328063,92.490119,55.356662,54.845222,55.720054,50.49582,49.9405,50.9718,225.0,217.0,231.0,1.0,1.0,1.0,17.204,16.763,17.616,9203.4,9076.0,9301.0,241.0,236.0,245.0,5.6,5.0,6.0
commons-validator,120,30,0,5,52.671233,52.39726,52.739726,25.361876,25.280326,25.382263,20.61804,20.5167,20.6687,0.0,0.0,0.0,0.0,0.0,0.0,13.7902,13.255,14.696,7900.2,7893.0,7913.0,126.0,125.0,127.0,0.0,0.0,0.0
commons-validator,120,30,25,5,63.630137,63.013699,64.041096,35.168196,35.066259,35.474006,30.30394,30.0912,30.5471,97.0,95.0,99.0,0.8,0.0,3.0,14.384,13.958,15.15,8733.4,8718.0,8745.0,144.0,141.0,147.0,0.0,0.0,0.0
commons-validator,120,30,50,5,65.821918,65.410959,66.438356,36.554536,36.187564,36.799185,31.34752,31.2057,31.5096,111.0,108.0,113.0,1.2,0.0,2.0,14.665,14.355,15.151,8939.4,8932.0,8952.0,153.4,151.0,156.0,0.0,0.0,0.0
commons-validator,120,30,75,5,70.684931,70.205479,71.232877,41.692151,41.488277,41.997961,35.64336,35.4103,35.9676,160.8,158.0,165.0,0.6,0.0,2.0,14.9066,14.511,15.401,9128.4,9109.0,9141.0,168.8,167.0,171.0,0.0,0.0,0.0
commons-validator,120,30,100,5,71.712329,71.232877,72.60274,42.262997,41.896024,43.119266,36.55522,36.1196,37.1327,166.8,163.0,175.0,1.0,1.0,1.0,15.0548,14.811,15.349,9306.0,9288.0,9328.0,173.4,170.0,178.0,0.0,0.0,0.0
commons-validator,500,125,0,5,52.945206,52.739726,53.082192,25.443425,25.382263,25.4842,20.67884,20.5167,20.8207,0.0,0.0,0.0,0.0,0.0,0.0,19.984,19.825,20.177,13927.6,13884.0,13977.0,127.6,126.0,128.0,0.0,0.0,0.0
commons-validator,500,125,25,5,63.972603,63.69863,64.041096,35.453619,35.372069,35.474006,30.8004,30.5978,30.9524,99.0,99.0,99.0,0.8,0.0,2.0,21.6914,21.528,22.083,16512.4,16330.0,16643.0,146.0,145.0,147.0,0.0,0.0,0.0
commons-validator,500,125,50,5,66.643835,66.09589,67.465753,37.206932,37.003058,37.512742,31.92502,31.6616,32.1682,116.2,114.0,118.0,0.8,0.0,2.0,22.175,21.974,22.395,17093.8,17031.0,17186.0,159.2,157.0,162.0,0.0,0.0,0.0
commons-validator,500,125,75,5,71.30137,70.890411,71.917808,42.038736,41.896024,42.201835,35.93718,35.7143,36.2209,164.0,163.0,165.0,1.2,0.0,2.0,22.5136,22.23,22.832,17716.8,17514.0,17888.0,172.4,170.0,176.0,0.0,0.0,0.0
commons-validator,500,125,100,5,73.219178,72.60274,73.972603,43.180428,43.017329,43.425076,37.05166,36.8794,37.4367,174.6,173.0,176.0,0.6,0.0,2.0,23.0712,22.785,23.331,18298.0,18227.0,18405.0,181.6,178.0,185.0,0.0,0.0,0.0
fit-bench,120,30,0,5,86.619519,85.997171,87.553041,86.741259,86.013986,87.692308,75.4627,74.3284,76.9154,0.0,0.0,0.0,0.0,0.0,0.0,7.6354,7.483,8.089,14014.2,14007.0,14021.0,298.2,290.0,303.0,0.0,0.0,0.0
fit-bench,120,30,25,5,89.420085,87.977369,90.947666,89.538462,88.111888,91.048951,78.12934,77.2139,79.5025,30.8,25.0,38.0,10.8,5.0,24.0,7.5272,7.386,7.69,14062.4,14055.0,14070.0,314.6,307.0,325.0,0.0,0.0,0.0
fit-bench,120,30,50,5,89.70297,89.250354,90.523338,89.79021,89.230769,90.629371,78.18908,77.7114,79.005,32.2,30.0,39.0,10.4,5.0,19.0,7.7472,7.585,7.889,14114.4,14099.0,14123.0,315.6,311.0,319.0,0.0,0.0,0.0
fit-bench,120,30,75,5,89.222065,87.128713,90.664781,89.286713,87.132867,90.769231,77.99006,76.5174,79.1045,33.2,29.0,43.0,15.0,8.0,34.0,7.7066,7.536,7.835,14123.2,14104.0,14134.0,316.4,311.0,320.0,0.0,0.0,0.0
fit-bench,120,30,100,5,89.448374,87.270156,90.523338,89.566434,87.412587,90.629371,78.20898,76.7164,79.204,33.6,29.0,38.0,13.4,5.0,31.0,7.7278,7.537,7.936,14139.0,14125.0,14158.0,314.4,306.0,321.0,0.0,0.0,0.0
fit-bench,500,125,0,5,89.957567,89.533239,90.523338,90.06993,89.65035,90.629371,79.204,78.408,79.9005,0.0,0.0,0.0,0.0,0.0,0.0,22.6432,22.384,22.788,55729.0,55645.0,55789.0,308.6,302.0,320.0,0.0,0.0,0.0
fit-bench,500,125,25,5,93.606789,92.644979,94.625177,93.678322,92.727273,94.685315,82.12934,81.0945,83.3831,30.4,26.0,37.0,4.6,2.0,8.0,22.583,22.433,22.733,56284.4,56214.0,56341.0,333.0,330.0,336.0,0.0,0.0,0.0
fit-bench,500,125,50,5,93.408769,92.927864,94.059406,93.482518,93.006993,94.125874,82.3881,82.0896,83.1841,30.6,29.0,35.0,6.2,3.0,8.0,22.6516,22.576,22.837,56384.0,56352.0,56456.0,334.8,329.0,342.0,0.0,0.0,0.0
fit-bench,500,125,75,5,94.059406,93.352192,94.625177,94.125874,93.426573,94.685315,82.78608,81.8905,83.1841,33.6,30.0,36.0,4.6,2.0,7.0,22.9242,22.536,23.29,56457.4,56382.0,56520.0,339.6,337.0,341.0,0.0,0.0,0.0
fit-bench,500,125,100,5,93.77652,93.069307,94.342291,93.846154,93.146853,94.405594,82.22884,81.393,83.3831,34.0,31.0,37.0,7.0,3.0,9.0,23.0154,22.834,23.089,56473.0,56420.0,56508.0,340.4,336.0,343.0,0.0,0.0,0.0
