project,budget,seed,profilePercent,generationSeconds,directory,Ziarno,Limit kandydatów na metodę,Liczba prób losowania kandydatów,Limit losowych startów do mutowania (oprócz bazowego),Limit wartości na argument,Przeanalizowane klasy,Wykryte metody,"Metody, dla których udało się przygotować kandydatów","Metody, których nie udało się wywołać ze względu na ograniczenia projektu",Wykryte cele pokrycia gałęzi,"Cele w metodach, dla których przygotowano kandydatów","Pokryte cele w metodach, dla których przygotowano kandydatów",Wszystkie pokryte cele,Liczba wykonanych kandydatów,Liczba kandydatów wybranych do testów,Liczba kandydatów zakończonych normalnie,Liczba kandydatów zakończonych wyjątkiem,Liczba nieudanych wykonań,Liczba wykonań przerwanych przez limit czasu,newGoals,lostGoals,commonGoals,internalCoveragePercent,candidateMethodsCoveragePercent
commons-codec,120,0,0,10.442,runs/budget-120/profile-0/seed-0,0,120,30,3,10,70,547,179,368,1486,253,145,598,5089,147,3475,1414,200,0,0,0,598,40.242261,57.312253
commons-codec,120,0,25,11.146,runs/budget-120/profile-25/seed-0,0,120,30,3,10,70,547,179,368,1486,253,187,681,5357,173,3797,1354,206,0,85,2,596,45.827725,73.913043
commons-codec,120,0,50,11.593,runs/budget-120/profile-50/seed-0,0,120,30,3,10,70,547,179,368,1486,253,211,764,5552,206,4005,1355,192,0,168,2,596,51.41319,83.399209
commons-codec,120,0,75,11.95,runs/budget-120/profile-75/seed-0,0,120,30,3,10,70,547,179,368,1486,253,222,781,5655,215,4158,1310,187,0,185,2,596,52.557201,87.747036
commons-codec,120,0,100,12.596,runs/budget-120/profile-100/seed-0,0,120,30,3,10,70,547,179,368,1486,253,219,797,5695,227,4187,1340,168,0,201,2,596,53.633917,86.561265
commons-codec,120,1,0,10.945,runs/budget-120/profile-0/seed-1,1,120,30,3,10,70,547,179,368,1486,253,145,597,5093,140,3466,1451,176,0,0,0,597,40.174966,57.312253
commons-codec,120,1,25,11.948,runs/budget-120/profile-25/seed-1,1,120,30,3,10,70,547,179,368,1486,253,191,684,5354,176,3840,1342,172,0,89,2,595,46.02961,75.494071
commons-codec,120,1,50,13.247,runs/budget-120/profile-50/seed-1,1,120,30,3,10,70,547,179,368,1486,253,207,761,5550,207,4030,1347,173,0,165,1,596,51.211306,81.818182
commons-codec,120,1,75,11.192,runs/budget-120/profile-75/seed-1,1,120,30,3,10,70,547,179,368,1486,253,216,776,5654,212,4096,1343,215,0,183,4,593,52.220727,85.375494
commons-codec,120,1,100,11.394,runs/budget-120/profile-100/seed-1,1,120,30,3,10,70,547,179,368,1486,253,216,783,5663,208,4132,1327,204,0,191,5,592,52.69179,85.375494
commons-codec,120,2,0,10.693,runs/budget-120/profile-0/seed-2,2,120,30,3,10,70,547,179,368,1486,253,145,597,5083,144,3459,1435,189,0,0,0,597,40.174966,57.312253
commons-codec,120,2,25,11.697,runs/budget-120/profile-25/seed-2,2,120,30,3,10,70,547,179,368,1486,253,187,678,5359,166,3818,1364,177,0,83,2,595,45.625841,73.913043
commons-codec,120,2,50,12.092,runs/budget-120/profile-50/seed-2,2,120,30,3,10,70,547,179,368,1486,253,212,762,5531,209,4050,1308,173,0,165,0,597,51.2786,83.794466
commons-codec,120,2,75,11.545,runs/budget-120/profile-75/seed-2,2,120,30,3,10,70,547,179,368,1486,253,216,774,5663,213,4136,1317,210,0,178,1,596,52.086137,85.375494
commons-codec,120,2,100,11.396,runs/budget-120/profile-100/seed-2,2,120,30,3,10,70,547,179,368,1486,253,219,791,5688,213,4144,1333,211,0,196,2,595,53.230148,86.561265
commons-codec,120,3,0,10.843,runs/budget-120/profile-0/seed-3,3,120,30,3,10,70,547,179,368,1486,253,145,598,5091,145,3482,1435,174,0,0,0,598,40.242261,57.312253
commons-codec,120,3,25,11.445,runs/budget-120/profile-25/seed-3,3,120,30,3,10,70,547,179,368,1486,253,190,683,5364,179,3812,1378,174,0,90,5,593,45.962315,75.098814
commons-codec,120,3,50,11.196,runs/budget-120/profile-50/seed-3,3,120,30,3,10,70,547,179,368,1486,253,201,745,5567,207,4034,1323,210,0,147,0,598,50.13459,79.44664
commons-codec,120,3,75,11.445,runs/budget-120/profile-75/seed-3,3,120,30,3,10,70,547,179,368,1486,253,212,783,5641,210,4108,1326,207,0,187,2,596,52.69179,83.794466
commons-codec,120,3,100,11.345,runs/budget-120/profile-100/seed-3,3,120,30,3,10,70,547,179,368,1486,253,217,785,5679,217,4112,1354,213,0,189,2,596,52.82638,85.770751
commons-codec,120,4,0,10.492,runs/budget-120/profile-0/seed-4,4,120,30,3,10,70,547,179,368,1486,253,145,597,5092,144,3489,1410,193,0,0,0,597,40.174966,57.312253
commons-codec,120,4,25,11.346,runs/budget-120/profile-25/seed-4,4,120,30,3,10,70,547,179,368,1486,253,190,681,5386,179,3828,1363,195,0,87,3,594,45.827725,75.098814
commons-codec,120,4,50,11.194,runs/budget-120/profile-50/seed-4,4,120,30,3,10,70,547,179,368,1486,253,200,748,5559,199,4024,1326,209,0,154,3,594,50.336474,79.051383
commons-codec,120,4,75,11.297,runs/budget-120/profile-75/seed-4,4,120,30,3,10,70,547,179,368,1486,253,213,769,5657,211,4114,1339,204,0,172,0,597,51.749664,84.189723
commons-codec,120,4,100,12.048,runs/budget-120/profile-100/seed-4,4,120,30,3,10,70,547,179,368,1486,253,215,786,5705,222,4226,1306,173,0,189,0,597,52.893674,84.980237
commons-codec,500,0,0,12.802,runs/budget-500/profile-0/seed-0,0,500,125,3,10,70,547,179,368,1486,253,145,599,6461,148,4412,1778,271,0,0,0,599,40.309556,57.312253
commons-codec,500,0,25,15.157,runs/budget-500/profile-25/seed-0,0,500,125,3,10,70,547,179,368,1486,253,210,715,7452,186,5357,1809,286,0,116,0,599,48.115747,83.003953
commons-codec,500,0,50,16.911,runs/budget-500/profile-50/seed-0,0,500,125,3,10,70,547,179,368,1486,253,220,789,8585,217,6372,1869,344,0,191,1,598,53.095559,86.956522
commons-codec,500,0,75,17.066,runs/budget-500/profile-75/seed-0,0,500,125,3,10,70,547,179,368,1486,253,228,807,8994,232,6743,1959,292,0,209,1,598,54.306864,90.118577
commons-codec,500,0,100,16.763,runs/budget-500/profile-100/seed-0,0,500,125,3,10,70,547,179,368,1486,253,231,827,9076,236,6815,1970,291,0,229,1,598,55.652759,91.304348
commons-codec,500,1,0,12.549,runs/budget-500/profile-0/seed-1,1,500,125,3,10,70,547,179,368,1486,253,145,598,6550,148,4443,1834,273,0,0,0,598,40.242261,57.312253
commons-codec,500,1,25,15.406,runs/budget-500/profile-25/seed-1,1,500,125,3,10,70,547,179,368,1486,253,209,711,7629,187,5538,1772,319,0,113,0,598,47.846568,82.608696
commons-codec,500,1,50,16.212,runs/budget-500/profile-50/seed-1,1,500,125,3,10,70,547,179,368,1486,253,215,793,8353,221,6202,1818,333,0,195,0,598,53.364738,84.980237
commons-codec,500,1,75,17.661,runs/budget-500/profile-75/seed-1,1,500,125,3,10,70,547,179,368,1486,253,229,819,8835,234,6673,1848,314,0,222,1,597,55.114401,90.513834
commons-codec,500,1,100,17.164,runs/budget-500/profile-100/seed-1,1,500,125,3,10,70,547,179,368,1486,253,227,819,9301,242,7039,1948,314,0,222,1,597,55.114401,89.72332
commons-codec,500,2,0,12.599,runs/budget-500/profile-0/seed-2,2,500,125,3,10,70,547,179,368,1486,253,145,598,6526,148,4466,1812,248,0,0,0,598,40.242261,57.312253
commons-codec,500,2,25,15.459,runs/budget-500/profile-25/seed-2,2,500,125,3,10,70,547,179,368,1486,253,202,699,7575,182,5440,1843,292,0,101,0,598,47.039031,79.841897
commons-codec,500,2,50,16.709,runs/budget-500/profile-50/seed-2,2,500,125,3,10,70,547,179,368,1486,253,222,799,8470,229,6275,1888,307,0,201,0,598,53.768506,87.747036
commons-codec,500,2,75,16.865,runs/budget-500/profile-75/seed-2,2,500,125,3,10,70,547,179,368,1486,253,232,827,8833,235,6587,1942,304,0,229,0,598,55.652759,91.699605
commons-codec,500,2,100,17.616,runs/budget-500/profile-100/seed-2,2,500,125,3,10,70,547,179,368,1486,253,234,828,9161,243,6910,1951,300,0,231,1,597,55.720054,92.490119
commons-codec,500,3,0,12.398,runs/budget-500/profile-0/seed-3,3,500,125,3,10,70,547,179,368,1486,253,145,599,6498,148,4394,1840,264,0,0,0,599,40.309556,57.312253
commons-codec,500,3,25,15.208,runs/budget-500/profile-25/seed-3,3,500,125,3,10,70,547,179,368,1486,253,202,699,7636,180,5548,1796,292,0,100,0,599,47.039031,79.841897
commons-codec,500,3,50,16.859,runs/budget-500/profile-50/seed-3,3,500,125,3,10,70,547,179,368,1486,253,221,792,8517,224,6358,1841,318,0,193,0,599,53.297443,87.351779
commons-codec,500,3,75,16.811,runs/budget-500/profile-75/seed-3,3,500,125,3,10,70,547,179,368,1486,253,226,805,8943,230,6716,1889,338,0,207,1,598,54.172275,89.328063
commons-codec,500,3,100,17.114,runs/budget-500/profile-100/seed-3,3,500,125,3,10,70,547,179,368,1486,253,226,815,9259,239,6986,1968,305,0,217,1,598,54.845222,89.328063
commons-codec,500,4,0,12.45,runs/budget-500/profile-0/seed-4,4,500,125,3,10,70,547,179,368,1486,253,145,599,6467,148,4395,1823,249,0,0,0,599,40.309556,57.312253
commons-codec,500,4,25,15.611,runs/budget-500/profile-25/seed-4,4,500,125,3,10,70,547,179,368,1486,253,206,703,7549,181,5440,1810,299,0,104,0,599,47.30821,81.422925
commons-codec,500,4,50,16.808,runs/budget-500/profile-50/seed-4,4,500,125,3,10,70,547,179,368,1486,253,222,796,8400,225,6228,1882,290,0,197,0,599,53.566622,87.747036
commons-codec,500,4,75,15.858,runs/budget-500/profile-75/seed-4,4,500,125,3,10,70,547,179,368,1486,253,232,816,8750,233,6540,1890,320,0,217,0,599,54.912517,91.699605
commons-codec,500,4,100,17.363,runs/budget-500/profile-100/seed-4,4,500,125,3,10,70,547,179,368,1486,253,228,824,9220,245,6944,1970,306,0,226,1,598,55.450875,90.118577
