project,budget,seed,profilePercent,status,found,successful,failed,skipped,aborted,branchCovered,branchMissed,branchPercent,directory
commons-codec,120,0,0,test-failures,147,140,7,0,0,920,1601,36.4935,runs/budget-120/profile-0/seed-0
commons-codec,120,0,25,test-failures,173,168,5,0,0,1045,1476,41.4518,runs/budget-120/profile-25/seed-0
commons-codec,120,0,50,test-failures,206,200,6,0,0,1166,1355,46.2515,runs/budget-120/profile-50/seed-0
commons-codec,120,0,75,test-failures,215,209,6,0,0,1217,1304,48.2745,runs/budget-120/profile-75/seed-0
commons-codec,120,0,100,test-failures,227,222,5,0,0,1241,1280,49.2265,runs/budget-120/profile-100/seed-0
commons-codec,120,1,0,test-failures,140,133,7,0,0,920,1601,36.4935,runs/budget-120/profile-0/seed-1
commons-codec,120,1,25,test-failures,176,171,5,0,0,1053,1468,41.7691,runs/budget-120/profile-25/seed-1
commons-codec,120,1,50,test-failures,207,202,5,0,0,1181,1340,46.8465,runs/budget-120/profile-50/seed-1
commons-codec,120,1,75,test-failures,212,207,5,0,0,1199,1322,47.5605,runs/budget-120/profile-75/seed-1
commons-codec,120,1,100,test-failures,208,202,6,0,0,1218,1303,48.3142,runs/budget-120/profile-100/seed-1
commons-codec,120,2,0,test-failures,144,137,7,0,0,915,1606,36.2951,runs/budget-120/profile-0/seed-2
commons-codec,120,2,25,test-failures,166,161,5,0,0,1013,1508,40.1825,runs/budget-120/profile-25/seed-2
commons-codec,120,2,50,test-failures,209,204,5,0,0,1176,1345,46.6482,runs/budget-120/profile-50/seed-2
commons-codec,120,2,75,test-failures,213,208,5,0,0,1198,1323,47.5208,runs/budget-120/profile-75/seed-2
commons-codec,120,2,100,test-failures,213,208,5,0,0,1233,1288,48.9092,runs/budget-120/profile-100/seed-2
commons-codec,120,3,0,test-failures,145,137,8,0,0,912,1609,36.1761,runs/budget-120/profile-0/seed-3
commons-codec,120,3,25,test-failures,179,173,6,0,0,1048,1473,41.5708,runs/budget-120/profile-25/seed-3
commons-codec,120,3,50,test-failures,207,201,6,0,0,1131,1390,44.8631,runs/budget-120/profile-50/seed-3
commons-codec,120,3,75,test-failures,210,204,6,0,0,1223,1298,48.5125,runs/budget-120/profile-75/seed-3
commons-codec,120,3,100,test-failures,217,211,6,0,0,1223,1298,48.5125,runs/budget-120/profile-100/seed-3
commons-codec,120,4,0,test-failures,144,138,6,0,0,923,1598,36.6125,runs/budget-120/profile-0/seed-4
commons-codec,120,4,25,test-failures,179,173,6,0,0,1046,1475,41.4915,runs/budget-120/profile-25/seed-4
commons-codec,120,4,50,test-failures,199,193,6,0,0,1157,1364,45.8945,runs/budget-120/profile-50/seed-4
commons-codec,120,4,75,test-failures,211,205,6,0,0,1186,1335,47.0448,runs/budget-120/profile-75/seed-4
commons-codec,120,4,100,test-failures,222,217,5,0,0,1218,1303,48.3142,runs/budget-120/profile-100/seed-4
commons-codec,500,0,0,test-failures,148,141,7,0,0,924,1597,36.6521,runs/budget-500/profile-0/seed-0
commons-codec,500,0,25,test-failures,186,181,5,0,0,1077,1444,42.7211,runs/budget-500/profile-25/seed-0
commons-codec,500,0,50,test-failures,217,212,5,0,0,1207,1314,47.8778,runs/budget-500/profile-50/seed-0
commons-codec,500,0,75,test-failures,232,227,5,0,0,1238,1283,49.1075,runs/budget-500/profile-75/seed-0
commons-codec,500,0,100,test-failures,236,230,6,0,0,1282,1239,50.8528,runs/budget-500/profile-100/seed-0
commons-codec,500,1,0,test-failures,148,142,6,0,0,922,1599,36.5728,runs/budget-500/profile-0/seed-1
commons-codec,500,1,25,test-failures,187,181,6,0,0,1075,1446,42.6418,runs/budget-500/profile-25/seed-1
commons-codec,500,1,50,test-failures,221,215,6,0,0,1228,1293,48.7108,runs/budget-500/profile-50/seed-1
commons-codec,500,1,75,test-failures,234,228,6,0,0,1271,1250,50.4165,runs/budget-500/profile-75/seed-1
commons-codec,500,1,100,test-failures,242,236,6,0,0,1278,1243,50.6942,runs/budget-500/profile-100/seed-1
commons-codec,500,2,0,test-failures,148,141,7,0,0,922,1599,36.5728,runs/budget-500/profile-0/seed-2
commons-codec,500,2,25,test-failures,182,177,5,0,0,1067,1454,42.3245,runs/budget-500/profile-25/seed-2
commons-codec,500,2,50,test-failures,229,223,6,0,0,1248,1273,49.5042,runs/budget-500/profile-50/seed-2
commons-codec,500,2,75,test-failures,235,230,5,0,0,1264,1257,50.1388,runs/budget-500/profile-75/seed-2
commons-codec,500,2,100,test-failures,243,238,5,0,0,1261,1260,50.0198,runs/budget-500/profile-100/seed-2
commons-codec,500,3,0,test-failures,148,140,8,0,0,921,1600,36.5331,runs/budget-500/profile-0/seed-3
commons-codec,500,3,25,test-failures,180,175,5,0,0,1069,1452,42.4038,runs/budget-500/profile-25/seed-3
commons-codec,500,3,50,test-failures,224,218,6,0,0,1231,1290,48.8298,runs/budget-500/profile-50/seed-3
commons-codec,500,3,75,test-failures,230,225,5,0,0,1246,1275,49.4248,runs/budget-500/profile-75/seed-3
commons-codec,500,3,100,test-failures,239,233,6,0,0,1259,1262,49.9405,runs/budget-500/profile-100/seed-3
commons-codec,500,4,0,test-failures,148,141,7,0,0,919,1602,36.4538,runs/budget-500/profile-0/seed-4
commons-codec,500,4,25,test-failures,181,175,6,0,0,1046,1475,41.4915,runs/budget-500/profile-25/seed-4
commons-codec,500,4,50,test-failures,225,220,5,0,0,1246,1275,49.4248,runs/budget-500/profile-50/seed-4
commons-codec,500,4,75,test-failures,233,227,6,0,0,1267,1254,50.2578,runs/budget-500/profile-75/seed-4
commons-codec,500,4,100,test-failures,245,240,5,0,0,1285,1236,50.9718,runs/budget-500/profile-100/seed-4
